,Position,Number of Mismatches,Modified Nt,Reference Nt
0,0,0,G,G
1,1,0,G,G
2,2,0,A,A
3,3,0,T,T
4,4,0,C,C
5,5,0,T,T
6,6,1,C,T
7,7,0,C,C
8,8,17,C,G
9,9,6,C,G
10,10,12,A,G
11,11,1,T,G
12,12,2,T,C
13,13,4,C,A
14,14,4,T,G
15,15,1,C,G
16,16,1,C,G
17,17,11,C,T
18,18,1,A,G
19,19,4,G,A
20,20,1,G,A
21,21,159,T,A
22,22,18,A,T
23,23,32,A,T
24,24,21,T,C
25,25,1,A,C
26,26,2,G,C
27,27,0,G,G
28,28,0,A,A
29,29,13,T,C
30,30,144,A,C
31,31,228,A,G
32,32,3,A,G
33,33,8,C,T
34,34,1,A,G
35,35,3,A,G
36,36,2,C,T
37,37,0,A,A
38,38,15,C,T
39,39,19,G,A
40,40,2,C,G
41,41,1,C,T
42,42,2,A,C
43,43,2,A,C
44,44,3,G,A
45,45,1,T,C
46,46,2,A,G
47,47,0,A,A
48,48,3,G,A
49,49,8,G,A
50,50,4,A,G
51,51,8,A,T
52,52,3,C,A
53,53,10,C,T
54,54,19,C,T
55,55,2,G,T
56,56,3,A,G
57,57,5,T,C
58,58,17,C,T
59,59,8,C,T
60,60,2,C,T
61,61,2,A,G
62,62,1,C,A
63,63,28,C,T
64,64,21,C,T
65,65,12,G,T
66,66,19,T,G
67,67,54,T,G
68,68,19,C,T
69,69,2,C,G
70,70,7,G,A
71,71,0,A,A
72,72,10,T,A
73,73,8,C,T
74,74,5,C,T
75,75,1,T,C
76,76,65,A,C
77,77,23,C,A
78,78,7,C,A
79,79,9,T,A
80,80,8,C,A
81,81,20,T,C
82,82,25,T,C
83,83,5,A,G
84,84,9,T,A
85,85,7,T,C
86,86,17,G,A
87,87,1,T,G
88,88,25,A,T
89,89,50,G,A
90,90,0,G,G
91,91,2,T,A
92,92,1,C,G
93,93,14,C,T
94,94,33,T,C
95,95,17,C,T
96,96,35,T,G
97,97,0,G,G
98,98,2,T,A
99,99,6,C,T
100,100,1,C,G
101,101,2,G,A
102,102,1,T,G
103,103,1,G,A
104,104,1,A,G
105,105,1,C,A
106,106,1,G,A
107,107,0,G,G
108,108,0,A,A
109,109,0,T,T
110,110,0,T,T
111,111,0,C,C
